,fixed acidity,volatile acidity,citric acid,residual sugar,chlorides,free sulfur dioxide,total sulfur dioxide,density,pH,sulphates,alcohol,quality
count,4898,4898,4898,4898,4898,4898,4898,4898,4898,4898,4898,4898
mean,6.854787668,0.278241119,0.334191507,6.391414863,0.045772356,35.30808493,138.3606574,0.994027376,3.188266639,0.489846876,10.51426705,5.877909351
std,0.843868228,0.100794548,0.121019804,5.072057784,0.021847968,17.00713733,42.49806455,0.002990907,0.1510006,0.114125834,1.230620568,0.885638575
min,3.8,0.08,0,0.6,0.009,2,9,0.98711,2.72,0.22,8,3
25%,6.3,0.21,0.27,1.7,0.036,23,108,0.9917225,3.09,0.41,9.5,5
50%,6.8,0.26,0.32,5.2,0.043,34,134,0.99374,3.18,0.47,10.4,6
75%,7.3,0.32,0.39,9.9,0.05,46,167,0.9961,3.28,0.55,11.4,6
max,14.2,1.1,1.66,65.8,0.346,289,440,1.03898,3.82,1.08,14.2,9
